_id,EType,Id,Fb,P1,P2,P3,P4,P5,P6,P7,P8,P9,P10,P11,P12,P13,P14,P15,P16,P17,P18,P19,P20,Uploaded to cloud,Activity,Test,Test1,Test2
64c01d952319e1f14ce4597c,5524,5633,false,5524,846boa320zth147,S101,,,458fTx232ahX678,,,S100,,,,725MQc499tsY187,,589Yoe577KkC645,,,345AFd175BDq659,,435msC272niS900,Active,,,,
64c01d952319e1f14ce4597d,3885,6607,true,,767JJO158Kxk758,S110,,,554sJw751lfc823,,,S010,,,,334rIF687DBU244,,934Zar106gQl256,,,163hRH138ujM740,,296Rnb329utk364,Completed,,,,
64c01d952319e1f14ce4597e,8896,6892,true,,918amA571VgE481,S111,,,803Zki876pBw487,,,S100,,,,449FOt310CFf791,,370SFv195XUW804,,,763OHM910frL693,,379Bbk105uzo609,Completed,,,,
64c01d952319e1f14ce4597f,5004,2342,true,,567EVK565TNP381,S001,,,207kMY158YwB293,,,S101,,,,883zpm801ObV296,,232lRF444QJX739,,,962lcw720CsC289,,482veN988kHf309,Active,,,,
64c01d952319e1f14ce45980,3704,1032,true,,432tkq840hhU547,S010,,,523qKS459pdz359,,,S110,,,,456cXm354bWp811,,851rxi141myi529,,,718bwU186RTZ152,,285aaN309LYr358,Completed,,,,
64c01d952319e1f14ce45981,5248,5725,false,,380xHc381qvb447,S100,,,935wYw865Efr703,,,S001,,,,968jio510dkU108,,562Ygh169dvt521,,,901Kfu340AnZ774,,939sMx863NtM762,Active,,,,
64c01d952319e1f14ce45982,8075,9870,true,,629gwo472icL618,S100,,,655lVm603XtJ995,,,S001,,,,411vIA382xAU815,,728OeE523SqE251,,,965Esk657OoL484,,596TNR246PQL367,Completed,,,,
64c01d952319e1f14ce45983,6171,3373,true,,803gnB423okL277,S100,,,222mtH992rRi172,,,S110,,,,567reZ106GDh608,,474Cgu393Prn312,,,640Xev168GAy643,,876ruG285vod771,Completed,,,,
64c01d952319e1f14ce45984,6882,8458,false,,422NMw712NSG260,S010,,,234qMU594uKt511,,,S100,,,,654xCT863GIA149,,745wVO838dVP888,,,905QKC357hQk120,,974NGL309cQr264,Active,,,,
64c01d952319e1f14ce45985,6008,9531,true,,391sgw575YoP898,S010,,,981rEC116OGY359,,,S101,,,,357UqE217FnZ259,,243UqQ660CgT501,,,490pXJ417QYV530,,467GZX356gyC820,Completed,,,,
64c01d952319e1f14ce45986,7011,8681,true,,732TRR548ctc268,S101,,,193hoj929ioz445,,,S110,,,,423JNK317Fpd473,,452fNw746SKA670,,,815iut593GJk421,,127qJT594BHE380,Completed,,,,
64c01d952319e1f14ce45987,8716,2701,true,,859QZd237nvJ173,S101,,,118UiE899YzV751,,,S001,,,,219pUi569PFe698,,542MxJ670ceb935,,,920LaP151mqx917,,535tfm859Yyu361,Completed,,,,
64c01d952319e1f14ce45988,7865,5758,false,,794JxV943Dai553,S111,,,231NRj932KMb817,,,S111,,,,531CqX445rRm216,,171hSF395lEA816,,,616TwM440qNc365,,719ktG288VkX621,Active,,,,
64c01d952319e1f14ce45989,6485,3440,true,,750mnJ348ksh260,S111,,,202jct470lLp861,,,S111,,,,211YqE935QQz324,,454waY733lRg630,,,776XOi735ZYA718,,795eVz835uSW286,Active,,,,
64c01d952319e1f14ce4598a,3389,9130,true,,888RSI141NoR220,S101,,,495cmF683IVJ186,,,S001,,,,726JdB716LzD917,,133RSU127gcq655,,,222yHA590bKV338,,810iyF948zsH983,Active,,,,
64c01d952319e1f14ce4598b,2297,3865,true,,295TQR640TPu993,S010,,,606klY601wNO861,,,S110,,,,241Pud378vhF489,,123xGH274Vcy418,,,314bwg365ydi366,,272QFH434bTH974,Completed,,,,
64c01d952319e1f14ce4598c,7380,7217,false,,793IOF803WDM817,S011,,,344ceb932sal606,,,S001,,,,630hOl651pWW328,,454odd485PHN543,,,576jKQ571NYM727,,487Waj973aiS932,Completed,,,,
64c01d952319e1f14ce4598d,3021,4355,true,,893bou682BCL640,S010,,,619nhQ265UVw322,,,S110,,,,898skb957lnL368,,829pfr285VYO193,,,403PUD484aSf536,,950vCL247oSa748,Active,,,,
64c01d952319e1f14ce4598e,2023,6333,false,,651czM550ChU763,S100,,,910vMN432gRp675,,,S101,,,,662EEZ468GiQ886,,328ohl744UnF858,,,712PZs396UFo950,,779KaC419ZLa666,Active,,,,
64c01d952319e1f14ce4598f,1031,4936,false,,130uze957TgD679,S011,,,743coi595eYu505,,,S111,,,,371XaS886CsO331,,961XDF173SDv830,,,548zPZ825RBi369,,623gac319NzN806,Active,,,,
64c01d952319e1f14ce45990,4545,1734,true,,613sYR898hkC652,S100,,,854eUU769YMu704,,,S111,,,,925rgj322xpw555,,110Nkl164PQo570,,,188jYT851wyG412,,131IWE112TTV177,Active,,,,
64c01d952319e1f14ce45991,8839,2977,false,,851dRG732mWE717,S100,,,673mrK176mCh521,,,S101,,,,206QGB841Qvh350,,121YMp228Hrn352,,,216kqD221VlV124,,287ODh813SDT400,Completed,,,,
64c01d952319e1f14ce45992,2237,3106,false,,424EEI540fpq509,S001,,,806UEZ572jnH611,,,S001,,,,673dMJ812Slb239,,291jvd619ROf967,,,230viN715qGG290,,373rKs452TWd514,Completed,,,,
64c01d952319e1f14ce45993,9088,3268,true,,938XZL719MCW224,S001,,,582mOr903ygT717,,,S100,,,,570zfs186YAc967,,969ePw197RXH140,,,763mbK895FcB884,,686xLz456jEd327,Active,,,,
64c01d952319e1f14ce45994,1928,2885,false,,371FWd807Ofj642,S011,,,290VXM315cbG612,,,S010,,,,614pyP962mNV998,,419ITO587BND221,,,343iTv122eXd226,,887ruT959FYC597,Completed,,,,
64c01d952319e1f14ce45995,9454,4461,false,,880xmU157DRn279,S100,,,481Oaq716IsY729,,,S010,,,,853Tex321PxP815,,201Dsc364mXF806,,,976TXY958mBq210,,806BGH170pOa238,Active,,,,
64c01d952319e1f14ce45996,9231,7831,false,,778POD155NFv384,S111,,,191eYZ791FHK910,,,S100,,,,407zXF438fbK552,,829nDe120qjq998,,,986cue649mcp901,,257kmx839Fwu822,Completed,,,,
64c01d952319e1f14ce45997,8208,3826,false,,968AbA515wzg255,S101,,,751mZH857Umu631,,,S110,,,,964FuB116RRG664,,918sGe577PfU185,,,315KQM147lRX483,,183Tyi381SYm415,Active,,,,
64c01d952319e1f14ce45998,1264,3421,true,,395cKI396AoG857,S010,,,368wVx520OdM198,,,S001,,,,169Zgl756Wiw118,,941IJy113GGH169,,,575ZtB872eXV587,,559lIe908jxg469,Active,,,,
64c01d952319e1f14ce45999,3099,2701,true,,887pCN249RJH962,S001,,,495dtR697DEj588,,,S010,,,,525yeH476xcR104,,419vbV639bns501,,,731nfO832BeH472,,423lRY412NtU681,Completed,,,,
64c01d952319e1f14ce4599a,7031,4103,true,,108AUI875okn759,S010,,,965FYC514FLf409,,,S100,,,,180AZf458AZU554,,685TqC460ibf658,,,587ZeN869oTn689,,474ZCp651osm963,Completed,,,,
64c01d952319e1f14ce4599b,8912,5490,false,,817WyM447KIO524,S111,,,693Wrf281Bjn637,,,S010,,,,666Eph163PAO623,,214DoZ314bir151,,,762qfv906Off775,,649wqF232Wvn700,Completed,,,,
64c01d952319e1f14ce4599c,2564,4755,false,,904rbg979aDz105,S010,,,375UgR424PyC965,,,S001,,,,345zmA679ZFO944,,902DzL259hxE845,,,718Elx239yrL812,,938yDu297YmP256,Completed,,,,
64c01d952319e1f14ce4599d,4942,7753,false,,580zQl894Hew377,S101,,,212lGy188Dra546,,,S111,,,,692jPC133fwv940,,901mfs473DIc165,,,614Ctc637Vef407,,177Tle977JSb826,Active,,,,
64c01d952319e1f14ce4599e,7430,1287,true,,819MlY836Bxa183,S110,,,559SVM240naL346,,,S101,,,,336VyX374olD873,,588TxS601CDJ822,,,396OGS563ZlD276,,206OKA412tfV236,Completed,,,,
64c01d952319e1f14ce4599f,3350,3478,true,,695rRV854PAU580,S001,,,514tNs274wKX496,,,S100,,,,514pQR700BWo412,,799URz766Wtu651,,,634acM218NZg985,,267bob851dDP745,Active,,,,
64c01d952319e1f14ce459a0,2244,7185,false,,947BiS541tTy854,S011,,,680YAs159JGC658,,,S101,,,,238afG807gPP187,,964lur494jAM375,,,382coW812aFX305,,327xIS988MKF778,Active,,,,
64c01d952319e1f14ce459a1,4742,6799,false,,727YmL261qUO631,S010,,,921iCd827aKO203,,,S101,,,,204gGP574sXo370,,526kgC794saz731,,,380mRb866INq183,,992gIr832VzX791,Completed,,,,
64c01d952319e1f14ce459a2,2056,6857,false,,555wBb359jXK478,S011,,,866Mqm811EyA342,,,S111,,,,594aPz881sic615,,431rsV478uxf621,,,538ZKn655auF119,,708LUU822TFk357,Active,,,,
64c01d952319e1f14ce459a3,9420,5122,true,,367ymT708iGr549,S001,,,541WIe350bGP924,,,S101,,,,974aGQ242gEl213,,705sGC679vGJ229,,,434PQi703wtS612,,335iBa398zGJ681,Completed,,,,
64c01d952319e1f14ce459a4,2787,2536,false,,782uzj614ntY865,S010,,,323oQJ634KXB791,,,S010,,,,400qmK156poQ862,,306NnA785wXD372,,,909RbK640ols120,,335Zug730Rey590,Active,,,,
64c01d952319e1f14ce459a5,4345,5458,false,,585yIO630Tjn715,S001,,,926Yod515YAP905,,,S110,,,,808Vwq941euJ803,,469wGk262rCg327,,,173sSa953XGK322,,873oWr910KSK287,Active,,,,
64c01d952319e1f14ce459a6,1477,5927,false,,163DXy524xoS778,S010,,,169geB322xrQ200,,,S100,,,,957pKZ713jCa693,,677Nph929bCm357,,,511jaB586Yax611,,457Hsa581rpc387,Completed,,,,
64c01d952319e1f14ce459a7,5449,5902,false,,789FNv363VaD170,S111,,,316LZY337gJJ298,,,S100,,,,724Yxe609PBN670,,916rkR451xVg169,,,155dIZ205cnW950,,967bui660OBN644,Completed,,,,
64c01d952319e1f14ce459a8,9311,5554,true,,118DMR557JAg177,S100,,,567UGG421Pfi371,,,S110,,,,309zzh394Shd883,,279BlL947VOd189,,,665pSE327AEb848,,706Nhz812lFr601,Completed,,,,
64c01d952319e1f14ce459a9,7082,2486,false,,125ZpH390BJF139,S101,,,894bfo661Jji489,,,S101,,,,372yck387sAA525,,751abm105HUv170,,,330xfK945UIk467,,691OrC141lyC958,Active,,,,
64c01d952319e1f14ce459aa,6330,2521,false,,666RzT659eir545,S001,,,138dWC625beh143,,,S111,,,,986ndl908ACP161,,572yZt967Xqv926,,,739ICN726hiy331,,736jIB704Joz617,Active,,,,
64c01d952319e1f14ce459ab,5435,7863,true,,981dvl544usE682,S100,,,429iRP778RdP689,,,S100,,,,429tYD136emQ895,,604LOU861zEn219,,,595Kxp360XBu911,,923bbb113DGI405,Completed,,,,
64c01d952319e1f14ce459ac,3562,8774,false,,942ReL237CDB886,S101,,,725NHE470FMr984,,,S010,,,,966uMA500lyT419,,557OdD199oAL250,,,110WBB149yTV770,,728VrC852gYG129,Active,,,,
64c01d952319e1f14ce459ad,6916,7476,true,,591MvQ353Kaf763,S101,,,857YbR797UoK574,,,S101,,,,723tGb765sIN692,,604wiH368Tnj661,,,358cPx591rDm895,,748spQ998RLC688,Completed,,,,
64c01d952319e1f14ce459ae,3178,6185,true,,512Juc306Ikw564,S101,,,973TZs985AWi959,,,S100,,,,543evU789Hog714,,103twl693nlJ242,,,102uSD446nGC332,,356Kox749HnB221,Completed,,,,
64c01d952319e1f14ce459af,9791,9600,true,,738vSu320HGn843,S111,,,976mqo695Vvc442,,,S111,,,,238ndQ687rCp913,,372OMM814ktF361,,,521xdI562CBR383,,620UeF141QUz614,Completed,,,,
64c01d952319e1f14ce459b0,9642,2148,false,,726Uxn666vrT962,S111,,,899igq178EFn618,,,S110,,,,116vsV397ktf746,,844ryy766wDN504,,,661UHU242csD575,,234gvY924hUl257,Completed,,,,
64c01d952319e1f14ce459b1,5049,5358,false,,639jjg619dPy610,S111,,,206LoA912GcU290,,,S111,,,,475kpe718Dev178,,992SnD958uJF242,,,439eUd731GlD699,,959YmG131FpU738,Active,,,,
64c01d952319e1f14ce459b2,4003,3571,false,,814jjS267sdA539,S010,,,567vmm622XXf968,,,S101,,,,681kvS361mql906,,428bPE577nqe397,,,836ZIE457iVz772,,607dJU668gYG248,Completed,,,,
64c01d952319e1f14ce459b3,1518,3214,false,,577aXA693rNv600,S010,,,767VWM677oyP338,,,S101,,,,590BHn805vdR945,,911jAD220YGp364,,,292OfX997vuS276,,621AeB923CNd737,Completed,,,,
64c01d952319e1f14ce459b4,2982,2266,true,,455BWu267bDO108,S001,,,481nng753Lst762,,,S001,,,,117SJw318wMx147,,309epk798EpD467,,,439NMw536oKt443,,626oKW527IKg113,Active,,,,
64c01d952319e1f14ce459b5,2045,7210,false,,614frq123XVZ743,S001,,,754TQF618Mqd423,,,S100,,,,714ayW260SIH985,,699sYM330Oqd220,,,610NMH523dQA207,,740xUO339PRm713,Active,,,,
64c01d952319e1f14ce459b6,9012,2403,true,,762zuN684FdK910,S010,,,710WZa919dFR220,,,S001,,,,161Olq361zVB462,,314tNr518zAH538,,,753peQ618MHz790,,414IwF473JGr396,Completed,,,,
64c01d952319e1f14ce459b7,7354,4901,false,,138KGb841kjx462,S011,,,416FkY211nEN176,,,S001,,,,314ddQ618RKo318,,345wyL365Rok268,,,375lLV944PqB946,,676kAz652HRA383,Completed,,,,
64c01d952319e1f14ce459b8,4008,1412,true,,146JCc490GHj363,S010,,,181yds338EBU369,,,S110,,,,630KkY884svR733,,238qKu118JRz260,,,664toe259Hzk329,,880yQD374Qkq510,Completed,,,,
64c01d952319e1f14ce459b9,9222,1506,true,,878RJL715wFl112,S110,,,177Gyo805Wfv315,,,S111,,,,842sOk214bTb276,,750ALx693JNs173,,,175bFm506AYa843,,143aNK904gcf334,Active,,,,
64c01d952319e1f14ce459ba,6217,4553,false,,337IdS138ZRK674,S010,,,905wHJ688smi525,,,S110,,,,299hMm383qEV960,,262JNH683BUU450,,,933KZc540OoN100,,727HlF814PAr559,Completed,,,,
64c01d952319e1f14ce459bb,7136,1885,false,,303RIZ625Jis178,S010,,,739YCz990vxX902,,,S111,,,,296wBc106YrB382,,835XVJ781RFx177,,,147xPr637JNX408,,247COw445JyT938,Completed,,,,
64c01d952319e1f14ce459bc,3888,5108,true,,746pxY247OTQ490,S111,,,121jdP272MSz699,,,S001,,,,538mKq519rPH950,,325EBw913oBy581,,,174DqA965lqJ522,,384beD719WlY925,Completed,,,,
64c01d952319e1f14ce459bd,8117,5824,true,,813WIG445rIQ137,S111,,,248IzK608iGU631,,,S101,,,,419xcz820PwF604,,448Agv662Lvv463,,,778spN894NBM552,,530mwA731Rge402,Active,,,,
64c01d952319e1f14ce459be,1248,1233,false,,191Zht382mGR772,S011,,,209lvo182Fig568,,,S111,,,,692tHz326Qhh525,,285Mpx849jRQ764,,,903NFz699nvM562,,639rsh126KAf773,Active,,,,
64c01d952319e1f14ce459bf,6718,6011,false,,493ZAb651sEZ482,S110,,,540XgB201uWT979,,,S010,,,,211OaO141DoX689,,509ubr811xCV996,,,415pOL552IhK457,,398zIL210ESS962,Completed,,,,
64c01d952319e1f14ce459c0,3391,2606,false,,526rtv528Dje935,S011,,,604JRf816yLK783,,,S100,,,,436Ayu745QyS358,,692vak488bqF690,,,632ZGG343Gry556,,244ZmO778frh799,Active,,,,
64c01d952319e1f14ce459c1,7157,2888,true,,318WvR352ndn561,S001,,,748OFp665yqO441,,,S010,,,,200MUK675bdS483,,883bPU105dxC154,,,794XYa514xeR218,,306YpS681edK355,Active,,,,
64c01d952319e1f14ce459c2,9365,6592,false,,228wVn717ckD915,S001,,,943weZ706ioh221,,,S110,,,,882HEX260Lkx693,,918oLK436nDS819,,,608reT645ZeV175,,515ibT372eWP675,Active,,,,
64c01d952319e1f14ce459c3,3875,3036,false,,428SBH499VYV499,S001,,,177uiG801Vye424,,,S100,,,,474iyj811Ewr359,,576qGB191BnH232,,,970Fsz363BeH631,,629PcV959iyk325,Completed,,,,
64c01d952319e1f14ce459c4,8557,2363,true,,357yth216zYe117,S010,,,912mGV994RVk508,,,S110,,,,205XbV540jRw902,,818DFw120Spw100,,,642LmX743XOU309,,358qyy952zNF376,Active,,,,
64c01d952319e1f14ce459c5,2786,2678,false,,995xgi290Lzx119,S100,,,215zEL101LcI402,,,S010,,,,502Uxe681ZCk249,,304Cvd116Ope441,,,223XFu483TTd330,,396Jij508Upo233,Completed,,,,
64c01d952319e1f14ce459c6,5721,5910,false,,575Nqf589AJH248,S101,,,208cFl119Jpr953,,,S110,,,,218MMP291UeR465,,226wgb548Qmq814,,,235NCO187IEz510,,127usl963WDs534,Completed,,,,
64c01d952319e1f14ce459c7,1852,3170,false,,965yHr241BTa910,S001,,,277GsM962bYC112,,,S001,,,,432kfV656jii204,,449fdv823AAq362,,,607jHm580tRm269,,541dWs925DQz657,Completed,,,,
64c01d952319e1f14ce459c8,1892,1517,true,,655SFn852gHp614,S101,,,482Uzw411smJ290,,,S010,,,,256EjB878sOY500,,206MtU306MyC304,,,594Djr580ooc895,,856hCR521Wcz307,Active,,,,
64c01d952319e1f14ce459c9,3276,8219,true,,866aYy608vuD122,S110,,,944pRD914fMw769,,,S001,,,,872vyF147KYT720,,527TTR563KYL903,,,411OHp413OJj722,,857TAb337Xor774,Completed,,,,
64c01d952319e1f14ce459ca,4829,6636,true,,236HvS152Jvr636,S101,,,451GRj782JWn293,,,S001,,,,979cZM514uFw205,,356HxO219Ndt791,,,574JBU408SCk243,,178BZG986Srp366,Completed,,,,
64c01d952319e1f14ce459cb,9044,4570,false,,451cWz922ION445,S111,,,710oVP888Uch390,,,S110,,,,900AFr635mZn836,,698Btw866uKy640,,,235wVT247uUY526,,712sjw240ohr733,Completed,,,,
64c01d952319e1f14ce459cc,4417,1788,false,,181lLF989onP785,S111,,,589wdz445GAo326,,,S001,,,,507gkx488qEy590,,866nVZ819Vno721,,,727hCF323VdR246,,109sUp410zrt469,Completed,,,,
64c01d952319e1f14ce459cd,3411,3453,false,,968HCw912RvY245,S100,,,230xMJ219pJg275,,,S001,,,,653DUI103fYZ751,,901OOv382Bth200,,,432SMP931gUh514,,541WFr525LJG209,Active,,,,
64c01d952319e1f14ce459ce,6666,3945,true,,132jSo588fnw858,S100,,,525WpL910Nun249,,,S001,,,,130Ykn862ADx381,,498zwO539kmz419,,,452SZi512Hxu108,,137brX905Squ128,Completed,,,,
64c01d952319e1f14ce459cf,4134,7511,false,,372ICJ513lFj909,S100,,,615UPx390Wro856,,,S100,,,,636RiM759CMt543,,852Xdz368VgO698,,,824Pze451rhB666,,778zIN405ZSa202,Active,,,,
64c01d952319e1f14ce459d0,5407,1463,false,,350vZM755BFC215,S111,,,429YfL554mfO124,,,S111,,,,389ijn616NBO692,,981ZJX268XlT267,,,117dAA927pPX200,,135dxo253Tyb449,Active,,,,
64c01d952319e1f14ce459d1,9595,9445,false,,787bmJ886uuR976,S100,,,228EGR785XfO674,,,S100,,,,554RVS645cGI752,,544evO759ymj317,,,889OEz786tub353,,381INF699TtZ458,Active,,,,
64c01d952319e1f14ce459d2,1971,8163,false,,795qqn829nXb201,S011,,,223pCT771OUD729,,,S001,,,,815jwW745sPX937,,367NPF402JUw100,,,304COP685MHc514,,835iMJ219cVd421,Active,,,,
64c01d952319e1f14ce459d3,4658,6237,false,,202WVn265rGU654,S101,,,959XwK871khU247,,,S111,,,,821nmJ991BHc131,,720kSt361eXz212,,,501vKA619oUy727,,349UbD718Int135,Active,,,,
64c01d952319e1f14ce459d4,8931,2912,false,,587LRd846fdL917,S010,,,382TqT725pfo221,,,S111,,,,593Vww810ACc663,,285vxT634Wty149,,,914TGd300diG494,,797nVI893FgB143,Completed,,,,
64c01d952319e1f14ce459d5,9157,8957,true,,651Wkj267HEL213,S100,,,289WIY237krE479,,,S100,,,,353vSb927ZYn669,,909nrk342itn786,,,661XOT544Khn919,,662fOf781LYz614,Completed,,,,
64c01d952319e1f14ce459d6,2551,3548,true,,806hsf140Ayj334,S110,,,893YzI743jni959,,,S111,,,,572Zjk109WSq748,,621jpM201Ifv184,,,707OKp987qaS628,,187vBQ253UEv177,Completed,,,,
64c01d952319e1f14ce459d7,4227,2336,true,,489hNP974TzT968,S100,,,866auy716lZw839,,,S100,,,,792InA647qJm447,,836dPQ304Zbi499,,,814LRd724jUA888,,573YhA700oSk882,Completed,,,,
64c01d952319e1f14ce459d8,7109,2696,true,,556tBh454pFE176,S110,,,929Jzz751jGE192,,,S101,,,,531sPk932qDy878,,860wji929wsE469,,,419KCG525MpY214,,797pjk908FCD322,Active,,,,
64c01d952319e1f14ce459d9,1569,1342,true,,921aeV428rWP473,S101,,,615yvA468SkW703,,,S110,,,,204DnD945iNb719,,530Uia493LuL424,,,540CBK294gRn234,,173sRx414YgO883,Completed,,,,
64c01d952319e1f14ce459da,5059,4600,true,,808yzp783fbh241,S111,,,765Wwt838zsn673,,,S001,,,,247mjs954izY254,,124tkw327sTN382,,,167fWX372AXq400,,213xQw315NUh707,Completed,,,,
64c01d952319e1f14ce459db,5781,2125,false,,655qOV585rEx678,S010,,,433qTx180LeI341,,,S100,,,,374EEl581ufq776,,336IrV482pAI219,,,351dZD779OTu182,,942SLr217XFc796,Completed,,,,
64c01d952319e1f14ce459dc,3115,1378,false,,713aAL644ynj805,S001,,,217Kbm952fQJ942,,,S100,,,,248zwq760TSD673,,454XTd505hef806,,,377wUT277RZq455,,196Nos156VJT408,Active,,,,
64c01d952319e1f14ce459dd,8787,8836,false,,346FqU295Duk361,S011,,,376PuG472wwV777,,,S111,,,,367geB584orm544,,322ZrE745sRM409,,,977nCO867mAm241,,122Hit325PSl469,Completed,,,,
64c01d952319e1f14ce459de,3792,3101,true,,936MmR916lIq738,S101,,,741icg151YqD949,,,S001,,,,531DdU755sOl527,,764mOu142dDb122,,,489Clo828uOl529,,236rGv219Ewx509,Completed,,,,
64c01d952319e1f14ce459df,3757,5988,false,,550Cdc123hrZ290,S110,,,593Lil400ygg918,,,S111,,,,257auL941qtz223,,744SDx379buy409,,,803MFf136Fbm581,,507xkK424jyi241,Active,,,,
64c01d952319e1f14ce459e0,3636,8200,false,,466YAu859rbi299,S101,,,724Cyf807ggu942,,,S111,,,,728wAH594tHM339,,379IlI501wJX304,,,858cZC121VBA465,,786nRl661Vln615,Active,,,,
64c01d952319e1f14ce459e1,4015,9546,false,,866CGw489ePm989,S010,,,168IUx700gaq246,,,S111,,,,535iJC800fKW746,,447ZXB386ZId134,,,724QQS448KZU470,,299sFO659ZuV212,Completed,,,,
64c01d952319e1f14ce459e2,7436,3661,false,,294TWZ906SrA876,S111,,,586pIw372BWv907,,,S101,,,,790uPf828Xnr540,,873KIF115jma884,,,355DPz356DjE613,,847Bpc801MaL603,Active,,,,
64c01d952319e1f14ce459e3,1568,2985,false,,439Wdc461njb622,S111,,,922pOr110BTf125,,,S001,,,,865UdU901dHe918,,419VCI200vYw742,,,905wMz916kDk490,,693VOG351vYh264,Completed,,,,
64c01d952319e1f14ce459e4,1796,8108,true,,797HdR989ejp465,S101,,,915hzN486TvY963,,,S111,,,,163gAw223MBP606,,384AVW178Wus920,,,833mNi551VaX961,,117prG952bUf187,Active,,,,
64c01d952319e1f14ce459e5,1883,5673,false,,186Bhu208shM390,S001,,,825COH791UWh930,,,S111,,,,811aoW298Xwo857,,365xRl967ojG728,,,538EiL655MjH744,,967NLe431ntw395,Active,,,,
64c01d952319e1f14ce459e6,4285,9943,true,,436SBY693bxw503,S010,,,772yvS647OEE408,,,S111,,,,359YcH100QYR234,,894ByZ911XcI326,,,985QtZ394eJc234,,876QMi174Zzh723,Completed,,,,
64c01d952319e1f14ce459e7,8389,4577,true,,688dqF165GVV213,S010,,,287uop214SYE230,,,S010,,,,892tHa642ZCG509,,714gar853UlC224,,,564LtP836irm453,,758TqH854yvf378,Completed,,,,
64c01d952319e1f14ce459e8,9650,1718,false,,654ISA402QAI390,S001,,,432FzR425cvx123,,,S100,,,,991Hyj269SIT205,,528ZzY259jul220,,,385iwa879OUf597,,939GIu495URH314,Completed,,,,
64c01d952319e1f14ce459e9,6078,7836,true,,773nSt154YEK825,S101,,,101fLb230fbQ881,,,S010,,,,133gAk450TrN492,,160IdJ942PfG771,,,430Cdc420gHy839,,181sIz724DDv921,Active,,,,
64c01d952319e1f14ce459ea,1109,5448,false,,396cPg528rKw285,S100,,,206KkL343HjR352,,,S100,,,,413RqA229zkc314,,399rYM611MmH355,,,677APk587MvP967,,400CXY255smh486,Active,,,,
64c01d952319e1f14ce459eb,2216,2741,true,,536nps568oPw739,S001,,,715ecU800fBK444,,,S101,,,,485kDK325tqO540,,566cYI991liQ712,,,396Rjj261jaF480,,325bEF528Vqm686,Completed,,,,
64c01d952319e1f14ce459ec,8333,2301,false,,122gqP285XzN132,S100,,,813aAj781sCw757,,,S100,,,,622icX304PxQ156,,708vNN758usV508,,,723Vhp318Jjm730,,951pWN120uFt406,Active,,,,
64c01d952319e1f14ce459ed,2591,1174,true,,225SKc542AQs336,S011,,,685izL333Xgw459,,,S101,,,,683yXN860PCw730,,979bae924jDX472,,,313YtI669Iri860,,841wLR549Ifr491,Active,,,,
64c01d952319e1f14ce459ee,1695,8758,true,,393HSt383Atr836,S010,,,446oYP440Xro684,,,S110,,,,206ZRa871ZJX900,,754Zvj882vjZ135,,,486ACc360Pbe597,,403gpT907tQt428,Active,,,,
64c01d952319e1f14ce459ef,5915,1783,true,,297MOB655DCG170,S101,,,411mkA663JqS819,,,S001,,,,582phs153WzW133,,344PUF660ccZ386,,,674QaA473sjZ729,,162Ykb771tgz383,Active,,,,
64c01d952319e1f14ce459f0,8604,8266,true,,635GeJ232MVX252,S010,,,470DnK456OzS798,,,S010,,,,978RPf933ftg340,,473NKz545FII327,,,834foj917veY280,,412MaL990cPS455,Active,,,,
64c01d952319e1f14ce459f1,4246,4923,false,,601EqG326FaD436,S101,,,343MSi592XpL710,,,S100,,,,244oVb728ckO384,,842CMB542gHs881,,,167PqQ669Gro219,,374PMT110GXi223,Completed,,,,
64c01d952319e1f14ce459f2,6098,4265,false,,772Dyc642tgu555,S010,,,854CqQ488MRw453,,,S010,,,,145qjS449Uey475,,452Cpf685htp859,,,905hsT632PRe183,,589nnj107Dzy321,Active,,,,
64c01d952319e1f14ce459f3,1608,5545,false,,432noa655ygw823,S011,,,768WEr356Qbh646,,,S010,,,,902YpC451TRS972,,190IUv195NLG352,,,606wYO679fAL315,,150zrh105rtn276,Active,,,,
64c01d952319e1f14ce459f4,4396,6370,false,,508Zcx253wvH618,S110,,,180FnK223ATo817,,,S101,,,,945eav536Arv120,,556Jqm542RhP617,,,150dDh409JBK315,,715Vqc474akD327,Active,,,,
64c01d952319e1f14ce459f5,6307,3498,false,,638SIp672Ery165,S111,,,555zAo791rOH137,,,S100,,,,462Sny775tSc593,,378OUZ667frr646,,,258NzA887KnJ653,,984FYH633UVP204,Completed,,,,
64c01d952319e1f14ce459f6,5817,1724,true,,401Rvz415QCk636,S111,,,796Wcm607nTt430,,,S001,,,,962pWS228PAH540,,316eGj529Hns219,,,499uzH141MCK146,,144LFF232RYZ102,Completed,,,,
64c01d952319e1f14ce459f7,1065,4632,false,,296pao411lvD474,S101,,,735jRl860nxJ199,,,S100,,,,190BiC265LwA108,,667MTd128Ghf540,,,966jbt318fOo500,,372NyQ617xsR298,Active,,,,
64c01d952319e1f14ce459f8,9952,6789,false,,390Ulo791WgM610,S101,,,769snH744YtD870,,,S001,,,,519YiQ525BOs481,,861SBR795Wrf590,,,344IHg405iZY474,,242dfF127xAb995,Active,,,,
64c01d952319e1f14ce459f9,5000,7585,true,,369NDL798IJF515,S101,,,743Mwo779ePD808,,,S100,,,,458SJE726VCZ159,,352lfd797rvA832,,,926yAj559pgF143,,646xFb877pOQ259,Active,,,,
64c01d952319e1f14ce459fa,6886,1023,false,,368eJo753ijO833,S100,,,814DoN336jiT842,,,S111,,,,929FAO779ohp445,,799ZsS153PqJ659,,,713REV799fWO961,,420Jfz643UWg276,Completed,,,,
64c01d952319e1f14ce459fb,6044,1591,true,,609JlU352oCx902,S110,,,771ber748pvZ942,,,S100,,,,401hmS602RHd970,,756pKD592uSM590,,,960BFq224SIw467,,280KPD835SDG382,Completed,,,,
64c01d952319e1f14ce459fc,1063,2388,true,,477UAe376ghI894,S010,,,741RaC583AVc915,,,S001,,,,460KSQ613sxW829,,868QNn432JHO706,,,966tdl400OpM287,,398nmk305Uhx579,Active,,,,
64c01d952319e1f14ce459fd,1845,1631,false,,453UXX982hxZ178,S010,,,218wkr915qvs464,,,S001,,,,665gmk658IQg924,,772oXp357cnz747,,,819IaD223mhm717,,954Iqx429unJ235,Completed,,,,
64c01d952319e1f14ce459fe,6802,2146,true,,521vGZ115lJF653,S001,,,896BuV823ygL819,,,S001,,,,282IxZ146OEo724,,869xNf670Hel398,,,744sTM699buT454,,876bpC513mBL982,Active,,,,
64c01d952319e1f14ce459ff,1082,9239,true,,873nNV632UpD715,S110,,,291FsU503ikD204,,,S110,,,,560UaX607aRm950,,829fYj228hSL174,,,585pJR187Hqq468,,945jFk140yAC828,Active,,,,
64c01d952319e1f14ce45a00,9801,3216,true,,556ZAc961yCi900,S110,,,211dZn710GKY966,,,S100,,,,201ukO796Nyk123,,798lHG706BHh618,,,705Myo279sTE301,,742qbb245fSR422,Completed,,,,
64c01d952319e1f14ce45a01,6511,2535,true,,319SAa942eqC983,S100,,,640Lrz864MCp432,,,S110,,,,533lKb220fvU206,,793cVS285CxN659,,,809QLT723wih886,,563isN149EnV684,Completed,,,,
64c01d952319e1f14ce45a02,3964,6560,true,,396WMV508nEz780,S011,,,943IsZ102Ide607,,,S111,,,,563glp654clJ580,,259rjr600lgf220,,,566qwY778XTZ216,,834MXn162VZE327,Completed,,,,
64c01d952319e1f14ce45a03,8440,2233,true,,453CmV477SKJ931,S110,,,126DHf523Uyo319,,,S110,,,,237nLP533seY836,,675nkm764JjV863,,,807kRX637hVp171,,852Xpp665TZA546,Completed,,,,
64c01d952319e1f14ce45a04,2603,8468,true,,124OCD986FGX332,S110,,,859kBZ561jLc154,,,S010,,,,722jbD404JLs826,,172rcZ804VjX924,,,854jwx724Edn281,,970ZNQ329chU255,Active,,,,
64c01d952319e1f14ce45a05,3831,5545,false,,731uPP155hTp927,S100,,,404ZOj396VFj204,,,S111,,,,666EXy498oPE467,,830fag143oRM414,,,597hQi701mws867,,901Vfm714qKn136,Completed,,,,
64c01d952319e1f14ce45a06,5234,3448,true,,645VWg362QNg954,S100,,,259WYN975gwP130,,,S010,,,,585XDt967yFh350,,711hRA857KFp783,,,917zob744pCn261,,481cMv556KIW255,Active,,,,
64c01d952319e1f14ce45a07,1399,6876,true,,308lzs213RKQ995,S010,,,743XQw130jRO866,,,S010,,,,895xxv284qpr434,,180awL353gGS985,,,961dcg424fcC544,,256XNC793aKm261,Completed,,,,
64c01d952319e1f14ce45a08,1352,3575,false,,539faM986VEf681,S011,,,464gpm615ygi966,,,S001,,,,616ORW651kqT372,,507HeI290cXh414,,,662yQv327yvL154,,483GWZ796RXo919,Active,,,,
64c01d952319e1f14ce45a09,1358,5975,true,,383tKM729SVH664,S110,,,860rqY145SsW547,,,S101,,,,238zTu347VeH803,,492HDz327jYM862,,,161zPY844lFH495,,252eyG274QXK514,Active,,,,
64c01d952319e1f14ce45a0a,9840,5036,true,,130vdz661lvc318,S001,,,160JnB616OlP774,,,S100,,,,958zDJ771uUo551,,744wbl936CbL173,,,920YQW890WbL787,,395jdg696qmg225,Completed,,,,
64c01d952319e1f14ce45a0b,6541,2516,false,,900Bav939cqz336,S101,,,334fWt413Ute475,,,S001,,,,737YKf564Fph642,,529iov803YYu145,,,942pGm864XsZ470,,927KbT204YNl972,Completed,,,,
64c01d952319e1f14ce45a0c,8295,1404,true,,749XFm102iEj507,S010,,,245Rai609nBs454,,,S010,,,,761mYG731mMg256,,809yiG599BcR864,,,764DJu820eUK285,,882tfn605Kcl394,Active,,,,
64c01d952319e1f14ce45a0d,1557,4264,true,,604aEG116UMU465,S110,,,889VSq377VKi877,,,S100,,,,986rPC693Euf757,,896JzQ888euv956,,,632PcR370eSB716,,159rgT756NZv950,Active,,,,
64c01d952319e1f14ce45a0e,7240,9210,false,,868rZR539cQL749,S100,,,883ExY338GrV191,,,S110,,,,268TTA648KEf885,,784jgd906MtQ782,,,910oWc851rlU665,,252Bhd951EAv501,Active,,,,
64c01d952319e1f14ce45a0f,8093,3353,true,,619Vwe275Xac467,S100,,,591FzV934XyJ938,,,S100,,,,489KQu244zUw877,,508Vrq523puy989,,,578UoJ709FLM603,,153ERn421Ljn691,Completed,,,,
64c01d952319e1f14ce45a10,2350,9085,true,,447WVE431qsH155,S011,,,780omb822atl820,,,S101,,,,699MQM592EFe106,,150oGE167HjD960,,,338hpi598Zey535,,190txG851CAD748,Active,,,,
64c01d952319e1f14ce45a11,1983,2544,false,,775Ywh790dwo637,S011,,,147zzw848uyd201,,,S001,,,,693vCQ138WuA418,,988iCG840RxW858,,,496wFu231Jpt507,,711QEw680Xkz212,Active,,,,
64c01d952319e1f14ce45a12,3869,4890,true,,486Cmo279Hmm890,S001,,,425QMJ690rlC819,,,S111,,,,108ZmN414cxV405,,345XNh698hPd820,,,698ktC441Qac619,,969qbm695ZQt226,Active,,,,
64c01d952319e1f14ce45a13,1599,9925,false,,650SQr750kSb102,S111,,,412ESC820VWS722,,,S111,,,,637BnH647BWA192,,211lTg848ddB929,,,289qsL238iEK463,,571Jmy485AbA451,Completed,,,,
64c01d952319e1f14ce45a14,4626,9548,false,,531WEu570WEW933,S010,,,634mtx916GEm367,,,S110,,,,298vbD999Chl584,,967uuN272Cdn581,,,785FzG303YLE912,,193txl483zka534,Active,,,,
64c01d952319e1f14ce45a15,1665,3289,false,,236SSa955xoS522,S010,,,988kCC853epu603,,,S010,,,,103MMW912kpD489,,490pKO271ldD803,,,955WMn623Njp691,,575JNd596Bhz117,Completed,,,,
64c01d952319e1f14ce45a16,4352,7660,false,,941hYv645OoX858,S001,,,400JSX989kMl909,,,S001,,,,800Ilp487skA784,,752rSn275QHe430,,,140TPf547Cpr877,,716xYM993lad582,Completed,,,,
64c01d952319e1f14ce45a17,1566,7867,false,,589yzi270mnN595,S110,,,934CYh321MjP510,,,S001,,,,404GjB917dXH456,,814Tvd263iRL194,,,817xJO804yqv962,,166PrY272ipF929,Active,,,,
64c01d952319e1f14ce45a18,4979,1943,false,,392MdR167Auv620,S010,,,828Xxo377BmD982,,,S111,,,,771bSK501Skv915,,481JQU599mYn632,,,646QDh146kKx265,,608Tlm155FDd704,Active,,,,
64c01d952319e1f14ce45a19,7032,1897,true,,999Rod140qSc940,S101,,,351NsM551VQs788,,,S100,,,,440UAm939MBa290,,534txs823RBW265,,,566iVC338oVK978,,354CyL648nEj263,Completed,,,,
64c01d952319e1f14ce45a1a,2913,8523,false,,939yGN338tsB704,S111,,,287kuY132Ppe272,,,S010,,,,604IcE301GQI114,,891llw483yJu783,,,808fqP763URr833,,362FUs176Qqh645,Completed,,,,
64c01d952319e1f14ce45a1b,3172,8073,true,,597Kbt714wbZ543,S011,,,219ajF887eis549,,,S101,,,,538hpO687dXt351,,763OgL526iVs725,,,207djZ619Lmj823,,673eHj397jih932,Active,,,,
64c01d952319e1f14ce45a1c,5962,3672,false,,551PFv369JlM402,S010,,,254bdD172Ebe251,,,S111,,,,744GPV312Apm119,,698ZaS404pwC140,,,807dNi229Qee758,,962jSA976NzT531,Completed,,,,
64c01d952319e1f14ce45a1d,4222,7139,false,,930Hbx452lUw280,S011,,,405yZD594hqJ114,,,S010,,,,348tOw139bop133,,953ijp951Fno763,,,507mFQ130XdQ113,,170usr177lmx658,Completed,,,,
64c01d952319e1f14ce45a1e,9762,5102,false,,847weT428zzP226,S110,,,958zrV868IJN925,,,S100,,,,918ZmD318vSj187,,927SQW587xEj384,,,854tTb711yEX481,,446UfG149Hxl989,Active,,,,
64c01d952319e1f14ce45a1f,5413,4707,false,,150JXS618jcq914,S101,,,681inb326qXX497,,,S001,,,,106Ivp122SkV619,,296hMG846Nyn943,,,786Qrr954tAK402,,252hes961aXT851,Active,,,,
64c01d952319e1f14ce45a20,1213,3536,true,,502Iga225bMa367,S101,,,302wEJ783cJR289,,,S010,,,,677LbN426lUq419,,542lfo872AKk708,,,290nNI586VSZ152,,292oSF858lhu596,Completed,,,,
64c01d952319e1f14ce45a21,5861,2366,false,,715mIT305DEK840,S100,,,333GUU375BuE542,,,S001,,,,869uwe365bbF272,,671joM450Rej909,,,645vTG153ZXa968,,119qWu631Uzl259,Completed,,,,
64c01d952319e1f14ce45a22,5647,7847,true,,894JpB176wRo874,S001,,,232fMy121fvz697,,,S010,,,,298UrQ773Usk604,,798pWW151FAI506,,,605jcd691iGM888,,177JKj238ohj336,Completed,,,,
64c01d952319e1f14ce45a23,6472,6514,true,,974TmR322hSI352,S111,,,799EvT167EhL255,,,S110,,,,212jPQ517vKH958,,285oXY987ygt972,,,358wnZ457Xsz948,,946QzE603vFx847,Completed,,,,
64c01d952319e1f14ce45a24,9425,8556,true,,995vYS756WBQ336,S111,,,770vVv974ITq664,,,S001,,,,659XPm640cTT565,,564soK183MMA889,,,875ZLU993Bpp611,,748bFN274OYP721,Active,,,,
64c01d952319e1f14ce45a25,9403,7182,false,,636TTT121oKr421,S110,,,729gyt257cwm407,,,S110,,,,232Nos905VAz876,,324JqD795JkE515,,,497jNU951tuX252,,770MFa785gkS732,Active,,,,
64c01d952319e1f14ce45a26,8549,1796,false,,805MFK606aou443,S001,,,682Qwq466sRh523,,,S110,,,,565NkP253VPN315,,736nrK143bkn448,,,870gyJ936fKb395,,887QFP540QMV750,Completed,,,,
64c01d952319e1f14ce45a27,9728,2624,true,,251lmv219Oxg687,S001,,,495raT619IQu258,,,S101,,,,977xhW344qqI704,,911tHs412PXl955,,,574KZf292mwF482,,277IrS453iun997,Completed,,,,
64c01d952319e1f14ce45a28,1196,8453,true,,689qIY914QTB373,S110,,,632DRN437GaE467,,,S100,,,,285MLs188CSy145,,652Uta246tzw901,,,668fjk982eFt270,,565RUg611InX499,Active,,,,
64c01d952319e1f14ce45a29,4661,9047,false,,155Oph905DiS880,S111,,,702fwi896GIH412,,,S111,,,,858nNS264vFz254,,298ooW443bXf439,,,644Wem195XGB726,,724lNB488ZLr109,Active,,,,
64c01d952319e1f14ce45a2a,2293,4942,false,,482otz995mME587,S110,,,441CcE421PBz281,,,S100,,,,367DvO510oON948,,316XaP488dtt157,,,703fKZ489gvB769,,783Ovz304wuo352,Active,,,,
64c01d952319e1f14ce45a2b,5466,5396,false,,391TFH123RaL245,S101,,,513Kfj785VLr160,,,S110,,,,614tvi256zfy265,,258fEH342pab494,,,599EtQ130jcW933,,985wXs921Mfo481,Completed,,,,
64c01d952319e1f14ce45a2c,5915,7265,false,,848qMC444UJg212,S100,,,846Bte399XWQ779,,,S001,,,,571YzR231XdI772,,508pBh997ReT867,,,636EpX318JKW182,,364SfW931ckH917,Active,,,,
64c01d952319e1f14ce45a2d,5873,5005,false,,203UsG362sZW315,S110,,,412IfZ901hPa497,,,S001,,,,123PnP890WHf976,,339dwu700HSz746,,,984oqG263FSY572,,732pOK978etJ822,Completed,,,,
64c01d952319e1f14ce45a2e,9397,8528,false,,887pSh735zFx637,S011,,,520Uxy790UiZ909,,,S111,,,,587zYG254sGU851,,389kJZ152WFz289,,,386Hpn474jxC110,,450BMR250PMN879,Active,,,,
64c01d952319e1f14ce45a2f,5277,5607,true,,931Chw195krj562,S110,,,480JOV988aLK679,,,S001,,,,551Fla275zmN312,,423GbS745Puy710,,,573yzs263LEJ779,,928JmG760ydo604,Completed,,,,
64c01d952319e1f14ce45a30,9430,6321,true,,432Yah667jVT849,S011,,,137MlA366waT366,,,S001,,,,170nLF887Mqr842,,945PoP257WKn696,,,693Reh955wKU347,,209czY351GiE434,Completed,,,,
64c01d952319e1f14ce45a31,5644,4243,true,,771Qoe737JMB366,S101,,,725zqW910qiq215,,,S100,,,,355LPh410AFs611,,157kal758iLW997,,,534SEo413krd530,,391GhL602QdH993,Active,,,,
64c01d952319e1f14ce45a32,4421,9127,true,,101rPM594HWf973,S111,,,553iXu503OeM114,,,S111,,,,626kXj568hJd578,,332cJP372nkq550,,,871pwU193XIy942,,483rhs789YMG249,Active,,,,
64c01d952319e1f14ce45a33,6690,5007,true,,516xuw883XWK390,S010,,,859gOx523zvs662,,,S101,,,,668rdi956fDI634,,488rgU601oIi634,,,348NAz613rnT679,,765lrE650mTh177,Completed,,,,
64c01d952319e1f14ce45a34,6269,5180,true,,198JXy684jtd851,S001,,,452SPS166hNX392,,,S100,,,,325ogW171vgH420,,297pDo920MMm956,,,405FxW277gYT770,,471BgC823OFt717,Active,,,,
64c01d952319e1f14ce45a35,9556,8433,false,,563emP425OTC150,S110,,,892XWJ629jKO653,,,S010,,,,259kIr899CUX462,,139oVl891bcU815,,,382siO652BiR975,,152JTH188eST171,Completed,,,,
64c01d952319e1f14ce45a36,6261,7780,true,,845MNS389HUd779,S001,,,449uEZ904VhZ800,,,S001,,,,448osW828rpV737,,314TRu728kMy552,,,790LTs701oeq678,,599YYP867xhA545,Active,,,,
64c01d952319e1f14ce45a37,8554,7857,false,,734IVJ977sKR902,S111,,,249Ggv196QoV897,,,S101,,,,871NPA184kmT957,,487OPo790hFd857,,,398taj981mGN593,,977fSb426HOG237,Active,,,,
64c01d952319e1f14ce45a38,6386,7440,true,,639pMj521ZsM753,S001,,,445FLr435fSF962,,,S001,,,,884Skg685OPM760,,479Nux457cGU533,,,665BrX501TEf270,,817MSg995UeG393,Active,,,,
64c01d952319e1f14ce45a39,9803,1080,false,,640zUu159Ivn678,S010,,,931pZk982CVi773,,,S001,,,,892VXF301EuL378,,963jqQ628lIr803,,,157NSQ547zix887,,557Vml528Gqy177,Completed,,,,
64c01d952319e1f14ce45a3a,4842,7458,true,,877rQG568uTB963,S101,,,328VcS685Nze808,,,S111,,,,328MNw438fjb112,,344NgT734fDj887,,,117JEU155BWq845,,867dVz684KYH993,Active,,,,
64c01d952319e1f14ce45a3b,2911,5452,false,,573qlb426qBF714,S110,,,649UEG811VRZ686,,,S110,,,,934HSu552cer373,,549deW934vPD515,,,897LCe742MGv302,,639HaW678lGo235,Completed,,,,
64c01d952319e1f14ce45a3c,4198,4779,false,,639bjX277fLg423,S101,,,208Mqa601yVZ178,,,S111,,,,366GOQ670Dbz666,,971EYN465BaT935,,,879tGw224FWJ879,,572snn814dZE332,Completed,,,,
64c01d952319e1f14ce45a3d,1649,3457,true,,748rju491Snb236,S001,,,918Aae533QIE296,,,S100,,,,178Qbh809OxF304,,629Sti950vxo278,,,543ruA118oRY647,,701SUw263jWf797,Completed,,,,
64c01d952319e1f14ce45a3e,7337,4129,false,,508Evg759gKe726,S011,,,173VqV316nvR702,,,S111,,,,778NND550jTb191,,104mFs901Qea469,,,526Jhg573uyr293,,397Fvo358afn372,Completed,,,,
64c01d952319e1f14ce45a3f,7169,5056,false,,840rhy251Xlh177,S111,,,444uwe744xXZ332,,,S001,,,,878Qbv615gbJ760,,595kvh564Gtz961,,,859vix443gxg753,,241chs652deR140,Completed,,,,
64c01d952319e1f14ce45a40,3508,2104,true,,365xay964hwK361,S100,,,270eYH199PrM249,,,S001,,,,819Zfq822KVO856,,780oGt195VKF241,,,403mGC104Wkv508,,182LMx570iBH367,Active,,,,
64c01d952319e1f14ce45a41,4756,2451,false,,387ipY833QQe232,S110,,,136NZz181ftG145,,,S110,,,,401IVR765CfV463,,182ZMy639Rgb537,,,883eqY578rJU953,,553juG210DfT890,Active,,,,
64c01d952319e1f14ce45a42,1066,5138,false,,541lsh430WMo385,S001,,,272FKZ390Kyy578,,,S111,,,,639yLK858Dzq984,,438RYQ210gku676,,,422Jad768kEV181,,380GTX983VFu825,Completed,,,,
64c01d952319e1f14ce45a43,2138,9788,false,,563Nqv719lrx506,S011,,,792CNw485Bwi168,,,S100,,,,290Tvu566lrS173,,874psO446rJy117,,,826QQv364dsT463,,594BGf926zcQ182,Active,,,,
64c97aacc812db46a679d0d3,0,0,0,0,0,,,,,,,,,,,,,,,,,,,,,,,
64cad9ec97b3a53a3f9179ba,0,123,0,78,890,,,,,,,,,,,,,,,,,,,,,,,
